payment_id,booking_id,amount
1,1,45.99
2,2,1.99
3,3,0.99
4,4,12.99
5,5,39.99
6,6,7.49
7,7,4.49
8,8,10.99
9,9,49.99
10,10,14.99
11,11,8.99
12,12,6.49
13,13,129.99
14,14,19.99
15,15,49.99
16,16,39.99
17,17,39.99
18,18,3.29
19,19,3.79
20,20,2.99
21,21,54.99
22,22,3.29
23,23,1.99
24,24,1.99
25,25,1.79
26,26,3.49
27,27,49.99
28,28,5.49
29,29,19.99
30,30,14.99
31,31,39.99
32,32,299.99
33,33,59.99
34,34,19.99
35,35,39.99
36,36,4.49
37,37,3.99
38,38,24.99
39,39,199.99
40,40,69.99
41,41,349.99
42,42,3.39
43,43,12.99
44,44,39.99
45,45,1.99
46,46,1.99
47,47,5.49
48,48,6.99
49,49,2.49
50,50,15.49
51,51,5.99
52,52,9.99
53,53,9.99
54,54,14.99
55,55,89.99
56,56,9.99
57,57,59.99
58,58,25.99
59,59,199.99
60,60,19.99
61,61,34.99
62,62,54.99
63,63,19.99
64,64,2.49
65,65,29.99
66,66,3.49
67,67,25.99
68,68,5.49
69,69,59.99
70,70,399.99
71,71,3.49
72,72,3.99
73,73,39.99
74,74,299.99
75,75,39.99
76,76,3.59
77,77,59.99
78,78,3.99
79,79,3.29
80,80,29.99
81,81,2.49
82,82,2.5
83,83,34.99
84,84,149.99
85,85,49.99
86,86,2.99
87,87,4.99
88,88,14.99
89,89,199.99
90,90,14.99
91,91,19.99
92,92,5.99
93,93,129.99
94,94,34.99
95,95,22.99
96,96,19.99
97,97,2.99
98,98,39.99
99,99,199.99
100,100,8.49
101,101,1.5
102,102,39.99
103,103,19.99
104,104,3.49
105,105,39.99
106,106,3.99
107,107,5.99
108,108,1.99
109,109,49.99
110,110,3.89
111,111,7.99
112,112,29.99
113,113,2.29
114,114,3.79
115,115,129.99
116,116,4.49
117,117,4.19
118,118,10.99
119,119,3.99
120,120,59.99
121,121,14.99
122,122,6.99
123,123,6.49
124,124,22.99
125,125,29.99
126,126,24.99
127,127,4.29
128,128,1.5
129,129,34.99
130,130,29.99
131,131,14.99
132,132,5.99
133,133,3.99
134,134,9.99
135,135,4.19
136,136,3.99
137,137,8.99
138,138,14.99
139,139,49.99
140,140,29.99
141,141,4.99
142,142,89.99
143,143,3.99
144,144,2.99
145,145,4.99
146,146,22.99
147,147,14.99
148,148,9.99
149,149,5.49
150,150,39.99
151,151,24.99
152,152,129.99
153,153,59.99
154,154,249.99
155,155,19.99
156,156,4.5
157,157,39.99
158,158,32.99
159,159,3.69
160,160,19.99
161,161,2.49
162,162,2.99
163,163,3.79
164,164,3.49
165,165,22
166,166,2.99
167,167,39.99
168,168,3.49
169,169,3.59
170,170,3.99
171,171,32.99
172,172,5.99
173,173,34.99
174,174,199.99
175,175,34.99
176,176,29.99
177,177,4.49
178,178,39.99
179,179,4.99
180,180,6.89
181,181,49.99
182,182,49.99
183,183,89.99
184,184,4.99
185,185,8.99
186,186,5.99
187,187,4.29
188,188,30
189,189,5.49
190,190,8.99
191,191,99.99
192,192,2.79
193,193,8.99
194,194,24.99
195,195,22.99
196,196,1.29
197,197,39.99
198,198,2.49
199,199,199.99
200,200,9.99
201,201,6.99
202,202,129.99
203,203,12.99
204,204,4.19
205,205,3.99
206,206,4.49
207,207,2.99
208,208,2.89
209,209,29.99
210,210,29.99
211,211,4.99
212,212,1.99
213,213,12.99
214,214,39.99
215,215,4.49
216,216,3.99
217,217,39.99
218,218,14.99
219,219,24.99
220,220,4.29
221,221,25.99
222,222,39.99
223,223,4.59
224,224,3.99
225,225,169.99
226,226,8.99
227,227,39.99
228,228,39.99
229,229,39.99
230,230,3.99
231,231,3.49
232,232,3.49
233,233,1.99
234,234,5.99
235,235,14.99
236,236,10.99
237,237,14.99
238,238,2.29
239,239,2.49
240,240,49.99
241,241,4.99
242,242,19.99
243,243,39.99
244,244,10.99
245,245,24.99
246,246,3.79
247,247,99.99
248,248,24.99
249,249,34.99
250,250,19.99
251,251,9.99
252,252,54.99
253,253,899.99
254,254,22.99
255,255,5.99
256,256,1.99
257,257,39.99
258,258,169.99
259,259,2.49
260,260,19.99
261,261,3.29
262,262,24.99
263,263,2.49
264,264,25.99
265,265,79.99
266,266,10.99
267,267,19.99
268,268,2.49
269,269,2.49
270,270,3.29
271,271,5.99
272,272,19.99
273,273,19.99
274,274,6.49
275,275,19.99
276,276,25.99
277,277,19.99
278,278,4.99
279,279,19.99
280,280,29.99
281,281,45.99
282,282,12.99
283,283,2.99
284,284,25.99
285,285,19.99
286,286,29.99
287,287,4.49
288,288,14.99
289,289,45.99
290,290,49.99
291,291,2.49
292,292,79.99
293,293,15.99
294,294,1.29
295,295,24.99
296,296,24.99
297,297,6.49
298,298,34.99
299,299,3.49
300,300,1.99
301,301,89.99
302,302,89.99
303,303,5.99
304,304,3.99
305,305,2.79
306,306,29.99
307,307,39.99
308,308,59.99
309,309,19.99
310,310,49.99
311,311,15.99
312,312,3.49
313,313,22.99
314,314,4.49
315,315,3.99
316,316,3.79
317,317,15.99
318,318,4.19
319,319,199.99
320,320,2.99
321,321,3.29
322,322,8.99
323,323,2.79
324,324,19.99
325,325,8.49
326,326,9.99
327,327,3.59
328,328,39.99
329,329,99.99
330,330,24.99
331,331,129.99
332,332,2.59
333,333,3.49
334,334,59.99
335,335,4.99
336,336,29.99
337,337,4.99
338,338,1.99
339,339,3.49
340,340,1.99
341,341,15.99
342,342,3.29
343,343,59.99
344,344,34.99
345,345,2.09
346,346,22.99
347,347,1.99
348,348,69.99
349,349,29.99
350,350,29.99
351,351,69.99
352,352,4.99
353,353,2.49
354,354,2.99
355,355,39.99
356,356,2.79
357,357,14.99
358,358,5.99
359,359,8.99
360,360,5.99
361,361,69.99
362,362,22.99
363,363,14.99
364,364,34.99
365,365,49.99
366,366,6.99
367,367,12.99
368,368,14.99
369,369,79.99
370,370,1.29
371,371,2.49
372,372,59.99
373,373,22.99
374,374,4.29
375,375,129.99
376,376,45.99
377,377,4.29
378,378,24.99
379,379,49.99
380,380,3.49
381,381,5.99
382,382,4.99
383,383,59.99
384,384,19.99
385,385,4.59
386,386,4.29
387,387,7.99
388,388,34.99
389,389,3.59
390,390,2.99
391,391,15.99
392,392,59.99
393,393,2.79
394,394,3.39
395,395,5.99
396,396,3.99
397,397,4.29
398,398,14.99
399,399,29.99
400,400,3.49
401,401,4.99
402,402,2.99
403,403,19.99
404,404,199.99
405,405,22.99
406,406,45.99
407,407,49.99
408,408,4.49
409,409,4.29
410,410,19.99
411,411,5.99
412,412,5.99
413,413,4.49
414,414,19.99
415,415,7.99
416,416,5.49
417,417,3.99
418,418,15.99
419,419,2.49
420,420,29.99
421,421,2.79
422,422,29.99
423,423,79.99
424,424,4.29
425,425,4.29
426,426,3.59
427,427,3.99
428,428,1.49
429,429,3.49
430,430,2.99
431,431,89.99
432,432,4.5
433,433,19.99
434,434,89.99
435,435,1.49
436,436,5.59
437,437,2.49
438,438,29.99
439,439,29.99
440,440,39.99
441,441,49.99
442,442,59.99
443,443,14.99
444,444,5.99
445,445,4.99
446,446,10.99
447,447,39.99
448,448,79.99
449,449,19.99
450,450,5.99
451,451,2.99
452,452,3.49
453,453,4.99
454,454,7.49
455,455,22.99
456,456,2.49
457,457,3.79
458,458,3.49
459,459,14.99
460,460,29.99
461,461,19.99
462,462,2.29
463,463,3.69
464,464,14.99
465,465,4.49
466,466,24.99
467,467,1.49
468,468,12.99
469,469,27.99
470,470,59.99
471,471,3.49
472,472,8.99
473,473,5.49
474,474,34.99
475,475,2.79
476,476,18.99
477,477,49.95
478,478,2.99
479,479,2.89
480,480,19.99
481,481,3.49
482,482,22.99
483,483,29.99
484,484,5.79
485,485,12.99
486,486,59.99
487,487,12.99
488,488,49.99
489,489,79.99
490,490,5.49
491,491,2.99
492,492,39.99
493,493,3.99
494,494,29.99
495,495,29.99
496,496,45
497,497,2.59
498,498,3.49
499,499,5.99
500,500,3.29
