booking_id,customet_id,booking_date,total_price,payment_id
1,1,4/6/2025,19.99,1
2,2,3/17/2026,5.99,2
3,3,10/27/2025,1.99,3
4,4,2/23/2026,0.99,4
5,5,11/30/2025,29.99,5
6,6,4/2/2025,12.99,6
7,7,4/20/2025,14.99,7
8,8,12/22/2025,49.99,8
9,9,11/4/2025,29.99,9
10,10,1/30/2026,3.89,10
11,11,8/29/2025,5.29,11
12,12,4/18/2025,1.99,12
13,13,10/3/2025,14.99,13
14,14,9/29/2025,29.99,14
15,15,3/18/2026,2.99,15
16,16,11/5/2025,19.99,16
17,17,7/11/2025,3.99,17
18,18,10/31/2025,2.5,18
19,19,1/19/2026,4.49,19
20,20,12/3/2025,3.59,20
21,21,8/10/2025,1.99,21
22,22,5/5/2025,4.99,22
23,23,10/16/2025,3.49,23
24,24,7/12/2025,24.99,24
25,25,10/20/2025,39.99,25
26,26,5/13/2025,1.5,26
27,27,5/30/2025,99.99,27
28,28,2/2/2026,12.99,28
29,29,6/4/2025,34.99,29
30,30,12/10/2025,39.99,30
31,31,6/29/2025,89.99,31
32,32,8/26/2025,24.99,32
33,33,2/18/2026,39.99,33
34,34,8/26/2025,39.99,34
35,35,1/6/2026,3.49,35
36,36,6/16/2025,129.99,36
37,37,10/7/2025,22.99,37
38,38,10/5/2025,3.99,38
39,39,7/10/2025,4.99,39
40,40,4/29/2025,24.99,40
41,41,5/1/2025,2.99,41
42,42,6/4/2025,15.99,42
43,43,2/13/2026,3.79,43
44,44,5/23/2025,199.99,44
45,45,3/10/2026,3.89,45
46,46,10/2/2025,24.99,46
47,47,5/26/2025,39.99,47
48,48,7/14/2025,29.99,48
49,49,1/3/2026,8.49,49
50,50,6/12/2025,15.99,50
51,51,12/25/2025,2.99,51
52,52,8/21/2025,15.99,52
53,53,8/2/2025,15.99,53
54,54,4/28/2025,29.99,54
55,55,9/6/2025,24.99,55
56,56,11/5/2025,34.99,56
57,57,5/20/2025,44.99,57
58,58,9/29/2025,3.29,58
59,59,5/17/2025,2.19,59
60,60,4/15/2025,14.99,60
61,61,5/29/2025,8.49,61
62,62,1/18/2026,29.99,62
63,63,1/11/2026,5.49,63
64,64,8/4/2025,54.99,64
65,65,1/20/2026,5.99,65
66,66,10/31/2025,59.99,66
67,67,1/11/2026,19.99,67
68,68,5/20/2025,349.99,68
69,69,3/8/2026,89.99,69
70,70,4/12/2025,3.79,70
71,71,5/5/2025,5.99,71
72,72,5/21/2025,10.99,72
73,73,11/5/2025,49.99,73
74,74,11/7/2025,3.99,74
75,75,8/18/2025,149.99,75
76,76,3/2/2026,14.99,76
77,77,8/22/2025,3.99,77
78,78,10/17/2025,24.99,78
79,79,10/9/2025,4.49,79
80,80,3/1/2026,39.99,80
81,81,3/1/2026,14.99,81
82,82,9/18/2025,49.99,82
83,83,6/5/2025,2.49,83
84,84,4/26/2025,79.99,84
85,85,7/28/2025,7.49,85
86,86,11/1/2025,4.49,86
87,87,7/30/2025,2.29,87
88,88,4/20/2025,0.89,88
89,89,1/16/2026,4.49,89
90,90,9/9/2025,49.99,90
91,91,11/12/2025,4.99,91
92,92,10/4/2025,4.99,92
93,93,9/18/2025,9.49,93
94,94,6/18/2025,99.99,94
95,95,12/20/2025,4.99,95
96,96,9/23/2025,8.99,96
97,97,12/12/2025,19.99,97
98,98,9/5/2025,34.99,98
99,99,7/1/2025,15.99,99
100,100,3/14/2026,5.99,100
101,101,2/22/2026,49.99,101
102,102,5/31/2025,5.49,102
103,103,3/29/2026,29.99,103
104,104,8/7/2025,39.99,104
105,105,9/1/2025,2.49,105
106,106,8/8/2025,4.29,106
107,107,6/14/2025,14.99,107
108,108,10/17/2025,89.99,108
109,109,1/13/2026,89.99,109
110,110,12/2/2025,4.5,110
111,111,5/15/2025,5.29,111
112,112,1/10/2026,4.99,112
113,113,1/17/2026,29.99,113
114,114,10/8/2025,299.99,114
115,115,10/14/2025,5.49,115
116,116,4/29/2025,2.69,116
117,117,7/21/2025,29.99,117
118,118,12/16/2025,5.49,118
119,119,12/31/2025,59.99,119
120,120,3/18/2026,29.99,120
121,121,11/10/2025,49.99,121
122,122,8/27/2025,14.99,122
123,123,1/24/2026,3.49,123
124,124,7/6/2025,34.99,124
125,125,11/16/2025,1.99,125
126,126,2/26/2026,3.79,126
127,127,11/3/2025,19.99,127
128,128,7/20/2025,12.99,128
129,129,5/6/2025,22.99,129
130,130,10/14/2025,89.99,130
131,131,8/25/2025,49.99,131
132,132,1/12/2026,39.99,132
133,133,4/24/2025,7.99,133
134,134,10/28/2025,59.99,134
135,135,9/9/2025,7.49,135
136,136,2/24/2026,19.99,136
137,137,7/9/2025,12.99,137
138,138,2/9/2026,34.99,138
139,139,11/9/2025,15.99,139
140,140,3/10/2026,49.99,140
141,141,5/8/2025,169.99,141
142,142,5/23/2025,6.49,142
143,143,8/21/2025,4.99,143
144,144,12/16/2025,2.99,144
145,145,3/24/2026,3.99,145
146,146,3/8/2026,39.99,146
147,147,1/8/2026,9.49,147
148,148,7/17/2025,29.99,148
149,149,10/7/2025,39.99,149
150,150,6/25/2025,3.99,150
151,151,11/19/2025,2.99,151
152,152,11/13/2025,4.99,152
153,153,5/15/2025,3.99,153
154,154,10/21/2025,24.99,154
155,155,1/26/2026,29.99,155
156,156,4/26/2025,2.99,156
157,157,6/27/2025,4.29,157
158,158,3/11/2026,3.99,158
159,159,11/18/2025,4.29,159
160,160,2/6/2026,4.49,160
161,161,5/5/2025,44.99,161
162,162,4/6/2025,3.49,162
163,163,3/2/2026,29.99,163
164,164,1/21/2026,4.49,164
165,165,1/23/2026,19.99,165
166,166,4/21/2025,34.99,166
167,167,3/9/2026,3.49,167
168,168,2/1/2026,2.49,168
169,169,1/9/2026,49.99,169
170,170,8/25/2025,12.99,170
171,171,1/3/2026,3.59,171
172,172,9/24/2025,3.29,172
173,173,10/17/2025,129.99,173
174,174,6/11/2025,29.99,174
175,175,3/14/2026,29.99,175
176,176,5/11/2025,7.49,176
177,177,4/21/2025,4.49,177
178,178,10/7/2025,12.99,178
179,179,6/10/2025,299.99,179
180,180,9/11/2025,2.29,180
181,181,4/1/2025,19.99,181
182,182,11/28/2025,34.99,182
183,183,10/2/2025,39.99,183
184,184,8/26/2025,24.99,184
185,185,11/26/2025,22,185
186,186,2/16/2026,8.99,186
187,187,4/26/2025,3.49,187
188,188,12/17/2025,2.49,188
189,189,6/22/2025,1.5,189
190,190,10/15/2025,899.99,190
191,191,12/3/2025,5.99,191
192,192,6/13/2025,19.99,192
193,193,4/5/2025,22.99,193
194,194,10/3/2025,4.99,194
195,195,11/30/2025,99.99,195
196,196,7/27/2025,129.99,196
197,197,8/6/2025,4.99,197
198,198,8/2/2025,19.99,198
199,199,12/28/2025,24.99,199
200,200,5/6/2025,4.19,200
201,201,9/6/2025,9.99,201
202,202,2/14/2026,29.99,202
203,203,4/8/2025,99.99,203
204,204,12/31/2025,6.49,204
205,205,4/21/2025,35,205
206,206,5/17/2025,19.99,206
207,207,5/21/2025,24.99,207
208,208,6/29/2025,4.99,208
209,209,3/9/2026,199.99,209
210,210,12/13/2025,3.49,210
211,211,7/13/2025,59.99,211
212,212,4/19/2025,34.99,212
213,213,5/11/2025,25.99,213
214,214,2/25/2026,17.99,214
215,215,12/17/2025,3.49,215
216,216,7/3/2025,6.99,216
217,217,9/17/2025,2.99,217
218,218,8/27/2025,34.99,218
219,219,10/5/2025,19.99,219
220,220,2/6/2026,149.99,220
221,221,8/22/2025,22.99,221
222,222,9/13/2025,79.99,222
223,223,12/27/2025,24.99,223
224,224,12/7/2025,22.99,224
225,225,12/4/2025,4.49,225
226,226,1/24/2026,79.99,226
227,227,3/7/2026,39.99,227
228,228,3/1/2026,3.99,228
229,229,4/21/2025,25,229
230,230,11/15/2025,79.99,230
231,231,2/19/2026,3.99,231
232,232,3/29/2026,2.49,232
233,233,2/28/2026,6.49,233
234,234,12/2/2025,5.99,234
235,235,6/13/2025,199.99,235
236,236,11/18/2025,3.99,236
237,237,5/25/2025,6.49,237
238,238,3/7/2026,59.99,238
239,239,5/19/2025,59.99,239
240,240,1/23/2026,12.99,240
241,241,2/17/2026,24.99,241
242,242,5/9/2025,22.99,242
243,243,4/30/2025,29.99,243
244,244,10/12/2025,5.99,244
245,245,8/16/2025,12.99,245
246,246,9/4/2025,3.99,246
247,247,12/16/2025,12.99,247
248,248,6/21/2025,4.99,248
249,249,8/30/2025,25.99,249
250,250,8/16/2025,24.99,250
251,251,8/2/2025,4.49,251
252,252,4/4/2025,6.49,252
253,253,10/25/2025,34.99,253
254,254,10/3/2025,2.49,254
255,255,3/21/2026,4.29,255
256,256,4/26/2025,49.99,256
257,257,2/5/2026,7.99,257
258,258,10/23/2025,24.99,258
259,259,11/21/2025,79.99,259
260,260,9/6/2025,2.89,260
261,261,6/20/2025,49.99,261
262,262,9/19/2025,6.49,262
263,263,6/21/2025,2.49,263
264,264,10/18/2025,2.79,264
265,265,4/11/2025,2.99,265
266,266,2/26/2026,4.99,266
267,267,11/8/2025,169.99,267
268,268,1/13/2026,3.49,268
269,269,9/1/2025,24.99,269
270,270,6/15/2025,3.99,270
271,271,2/23/2026,79.99,271
272,272,4/19/2025,6.89,272
273,273,7/30/2025,7.49,273
274,274,9/22/2025,79.99,274
275,275,6/6/2025,4.99,275
276,276,3/29/2026,4.29,276
277,277,5/20/2025,9.99,277
278,278,10/13/2025,29.99,278
279,279,5/21/2025,2.49,279
280,280,5/22/2025,4.59,280
281,281,4/11/2025,15.99,281
282,282,12/25/2025,2.49,282
283,283,1/7/2026,3.5,283
284,284,5/22/2025,12.99,284
285,285,9/24/2025,1.99,285
286,286,1/12/2026,4.49,286
287,287,9/24/2025,29.99,287
288,288,1/30/2026,12.99,288
289,289,4/24/2025,29.99,289
290,290,6/21/2025,3.29,290
291,291,9/6/2025,3.49,291
292,292,1/14/2026,12.99,292
293,293,8/28/2025,34.99,293
294,294,12/23/2025,6.49,294
295,295,3/18/2026,3.99,295
296,296,6/24/2025,59.99,296
297,297,10/21/2025,15.49,297
298,298,8/14/2025,7.99,298
299,299,6/16/2025,4.29,299
300,300,2/28/2026,3.99,300
301,301,2/25/2026,8.99,301
302,302,6/5/2025,5.49,302
303,303,7/26/2025,4.59,303
304,304,3/25/2026,3.49,304
305,305,11/18/2025,59.99,305
306,306,8/22/2025,59.99,306
307,307,2/20/2026,22.99,307
308,308,7/10/2025,199.99,308
309,309,4/30/2025,199.99,309
310,310,3/8/2026,7.99,310
311,311,2/16/2026,29.99,311
312,312,12/2/2025,8.99,312
313,313,3/10/2026,10.99,313
314,314,9/8/2025,3.99,314
315,315,8/24/2025,4.49,315
316,316,11/9/2025,129.99,316
317,317,1/18/2026,99.99,317
318,318,12/28/2025,29.99,318
319,319,1/15/2026,2.59,319
320,320,9/8/2025,4.49,320
321,321,11/5/2025,4.49,321
322,322,6/7/2025,4.99,322
323,323,2/5/2026,12.99,323
324,324,6/6/2025,1.89,324
325,325,12/12/2025,3.49,325
326,326,10/16/2025,3.99,326
327,327,8/4/2025,49.99,327
328,328,7/8/2025,22.99,328
329,329,7/18/2025,5.89,329
330,330,4/22/2025,4.49,330
331,331,1/12/2026,4.79,331
332,332,3/11/2026,3.49,332
333,333,10/13/2025,44.99,333
334,334,12/22/2025,1.99,334
335,335,5/14/2025,5.49,335
336,336,10/13/2025,19.99,336
337,337,8/17/2025,2.49,337
338,338,10/14/2025,2.49,338
339,339,11/25/2025,89.99,339
340,340,2/6/2026,1.99,340
341,341,8/24/2025,14.99,341
342,342,1/24/2026,19.99,342
343,343,7/29/2025,1.99,343
344,344,1/15/2026,49.99,344
345,345,8/20/2025,29.99,345
346,346,6/21/2025,59.99,346
347,347,3/23/2026,11.99,347
348,348,3/24/2026,3.49,348
349,349,9/4/2025,3.49,349
350,350,12/10/2025,22.99,350
351,351,5/10/2025,2.99,351
352,352,11/25/2025,5.99,352
353,353,3/25/2026,9.99,353
354,354,10/17/2025,4.99,354
355,355,12/19/2025,15.99,355
356,356,7/26/2025,12.99,356
357,357,1/29/2026,9.99,357
358,358,10/17/2025,29.99,358
359,359,12/18/2025,19.99,359
360,360,6/24/2025,8.49,360
361,361,5/30/2025,89.99,361
362,362,10/6/2025,1.99,362
363,363,10/12/2025,9.99,363
364,364,1/1/2026,25.99,364
365,365,12/22/2025,39.99,365
366,366,6/3/2025,59.99,366
367,367,12/22/2025,8.99,367
368,368,9/23/2025,3.29,368
369,369,2/19/2026,199.99,369
370,370,9/28/2025,2.99,370
371,371,7/21/2025,29.99,371
372,372,11/11/2025,4.99,372
373,373,3/24/2026,2.99,373
374,374,8/2/2025,6.99,374
375,375,8/22/2025,19.99,375
376,376,7/11/2025,29.99,376
377,377,4/23/2025,39.99,377
378,378,3/1/2026,29.99,378
379,379,8/5/2025,29.99,379
380,380,4/16/2025,15.99,380
381,381,12/24/2025,5.99,381
382,382,1/17/2026,8.99,382
383,383,6/2/2025,3.49,383
384,384,3/2/2026,59.99,384
385,385,6/23/2025,54.99,385
386,386,9/18/2025,4.29,386
387,387,11/30/2025,4.49,387
388,388,4/5/2025,3.79,388
389,389,10/20/2025,49.99,389
390,390,3/13/2026,3.49,390
391,391,10/3/2025,15.99,391
392,392,4/15/2025,4.49,392
393,393,6/26/2025,3.29,393
394,394,9/9/2025,19.99,394
395,395,3/10/2026,10.99,395
396,396,12/21/2025,49.99,396
397,397,7/24/2025,139.99,397
398,398,7/19/2025,29.99,398
399,399,3/1/2026,39.99,399
400,400,9/18/2025,39.99,400
401,401,3/23/2026,3.59,401
402,402,10/31/2025,5.99,402
403,403,8/28/2025,2.79,403
404,404,2/25/2026,19.99,404
405,405,1/24/2026,3.99,405
406,406,2/11/2026,6.49,406
407,407,3/31/2025,14.99,407
408,408,2/10/2026,79.99,408
409,409,6/19/2025,0.99,409
410,410,9/24/2025,4.99,410
411,411,3/14/2026,4.29,411
412,412,12/13/2025,2.99,412
413,413,5/5/2025,24.99,413
414,414,10/4/2025,79.99,414
415,415,4/20/2025,1.99,415
416,416,9/4/2025,59.99,416
417,417,3/24/2026,2.99,417
418,418,3/27/2026,59.99,418
419,419,9/5/2025,3.79,419
420,420,8/6/2025,5.49,420
421,421,10/16/2025,3.89,421
422,422,5/28/2025,49.99,422
423,423,11/8/2025,2.49,423
424,424,3/24/2026,6.99,424
425,425,1/7/2026,2.99,425
426,426,6/9/2025,159.99,426
427,427,6/21/2025,14.99,427
428,428,4/27/2025,39.99,428
429,429,11/13/2025,3.39,429
430,430,1/27/2026,3.49,430
431,431,3/22/2026,2.29,431
432,432,2/1/2026,109.99,432
433,433,8/5/2025,4.99,433
434,434,11/23/2025,49.99,434
435,435,2/14/2026,2.99,435
436,436,3/5/2026,14.99,436
437,437,12/14/2025,9.99,437
438,438,10/13/2025,3.59,438
439,439,2/14/2026,3.99,439
440,440,8/15/2025,69.99,440
441,441,7/20/2025,3.99,441
442,442,8/19/2025,12.99,442
443,443,8/16/2025,39.99,443
444,444,2/22/2026,89.99,444
445,445,1/14/2026,2.99,445
446,446,6/17/2025,49.99,446
447,447,12/10/2025,15.99,447
448,448,8/13/2025,24.99,448
449,449,2/23/2026,89.99,449
450,450,8/4/2025,14.99,450
451,451,5/15/2025,3.49,451
452,452,8/26/2025,3.29,452
453,453,10/23/2025,4.79,453
454,454,8/15/2025,2.99,454
455,455,6/12/2025,18.99,455
456,456,7/3/2025,19.99,456
457,457,12/31/2025,2.99,457
458,458,9/25/2025,3.99,458
459,459,7/17/2025,29.99,459
460,460,9/14/2025,199.99,460
461,461,5/15/2025,29.99,461
462,462,4/28/2025,3.49,462
463,463,10/17/2025,29.99,463
464,464,10/13/2025,5.79,464
465,465,11/19/2025,4.99,465
466,466,2/13/2026,4.29,466
467,467,6/14/2025,9.99,467
468,468,10/22/2025,34.99,468
469,469,9/18/2025,5.29,469
470,470,11/16/2025,2.49,470
471,471,1/19/2026,4.79,471
472,472,3/2/2026,59.99,472
473,473,6/16/2025,3.29,473
474,474,3/25/2026,3.79,474
475,475,7/4/2025,8.99,475
476,476,7/2/2025,1.89,476
477,477,9/11/2025,5.49,477
478,478,6/22/2025,5.49,478
479,479,1/27/2026,99.99,479
480,480,3/10/2026,4.49,480
481,481,7/16/2025,49.99,481
482,482,9/28/2025,6.99,482
483,483,11/24/2025,4.29,483
484,484,7/17/2025,3.29,484
485,485,1/12/2026,14.99,485
486,486,11/16/2025,39.99,486
487,487,11/15/2025,79.99,487
488,488,2/9/2026,29.99,488
489,489,1/28/2026,1.99,489
490,490,9/9/2025,39.99,490
491,491,3/23/2026,12.99,491
492,492,2/15/2026,3.29,492
493,493,11/14/2025,19.99,493
494,494,12/13/2025,2.49,494
495,495,12/23/2025,3.49,495
496,496,9/30/2025,3.49,496
497,497,9/10/2025,4.99,497
498,498,3/13/2026,4.49,498
499,499,2/5/2026,3.19,499
500,500,7/3/2025,44.99,500
